{
    "Logistic Regression": {
        "training_time": 0.255867,
        "train": {
            "accuracy": 0.9822857142857143,
            "precision": 0.9964705882352941,
            "recall": 0.968,
            "f1": 0.9820289855072464
        },
        "validation": {
            "accuracy": 0.9820666666666666,
            "precision": 0.9947995073217463,
            "recall": 0.9692,
            "f1": 0.9818329168636456,
            "roc_auc": 0.9988993777777778,
            "confusion_matrix": [
                [
                    7462,
                    38
                ],
                [
                    231,
                    7269
                ]
            ]
        },
        "test": {
            "accuracy": 0.9812666666666666,
            "precision": 0.9957423430847411,
            "recall": 0.9666666666666667,
            "f1": 0.9809891076381841,
            "roc_auc": 0.998856568888889,
            "confusion_matrix": [
                [
                    7469,
                    31
                ],
                [
                    250,
                    7250
                ]
            ]
        }
    },
    "Decision Tree": {
        "training_time": 0.096629,
        "train": {
            "accuracy": 0.9909285714285714,
            "precision": 0.9958731349744596,
            "recall": 0.9859428571428571,
            "f1": 0.9908831172560336
        },
        "validation": {
            "accuracy": 0.9902666666666666,
            "precision": 0.9950188476036618,
            "recall": 0.9854666666666667,
            "f1": 0.9902197213290461,
            "roc_auc": 0.9987690222222222,
            "confusion_matrix": [
                [
                    7463,
                    37
                ],
                [
                    109,
                    7391
                ]
            ]
        },
        "test": {
            "accuracy": 0.9893333333333333,
            "precision": 0.9938105489773951,
            "recall": 0.9848,
            "f1": 0.98928475756764,
            "roc_auc": 0.9984029066666666,
            "confusion_matrix": [
                [
                    7454,
                    46
                ],
                [
                    114,
                    7386
                ]
            ]
        }
    },
    "Random Forest": {
        "training_time": 0.745501,
        "train": {
            "accuracy": 0.9941142857142857,
            "precision": 0.9972112011960209,
            "recall": 0.991,
            "f1": 0.9940958986558138
        },
        "validation": {
            "accuracy": 0.9892666666666666,
            "precision": 0.9931460825157908,
            "recall": 0.9853333333333333,
            "f1": 0.9892242821765611,
            "roc_auc": 0.9984328444444446,
            "confusion_matrix": [
                [
                    7449,
                    51
                ],
                [
                    110,
                    7390
                ]
            ]
        },
        "test": {
            "accuracy": 0.9892,
            "precision": 0.993410435718128,
            "recall": 0.9849333333333333,
            "f1": 0.9891537225495447,
            "roc_auc": 0.9987616888888889,
            "confusion_matrix": [
                [
                    7451,
                    49
                ],
                [
                    113,
                    7387
                ]
            ]
        }
    },
    "Gradient Boosting": {
        "training_time": 7.516153,
        "train": {
            "accuracy": 0.9899285714285714,
            "precision": 0.9962091616749139,
            "recall": 0.9836,
            "f1": 0.9898644277355263
        },
        "validation": {
            "accuracy": 0.9907333333333334,
            "precision": 0.9967606964502632,
            "recall": 0.9846666666666667,
            "f1": 0.990676772419344,
            "roc_auc": 0.9995993155555556,
            "confusion_matrix": [
                [
                    7476,
                    24
                ],
                [
                    115,
                    7385
                ]
            ]
        },
        "test": {
            "accuracy": 0.9896666666666667,
            "precision": 0.9955471596275807,
            "recall": 0.9837333333333333,
            "f1": 0.9896049896049897,
            "roc_auc": 0.9995949155555556,
            "confusion_matrix": [
                [
                    7467,
                    33
                ],
                [
                    122,
                    7378
                ]
            ]
        }
    },
    "XGBoost": {
        "training_time": 0.214009,
        "train": {
            "accuracy": 0.9922857142857143,
            "precision": 0.9970861462119901,
            "recall": 0.9874571428571428,
            "f1": 0.9922482845740863
        },
        "validation": {
            "accuracy": 0.9898666666666667,
            "precision": 0.9942157654022061,
            "recall": 0.9854666666666667,
            "f1": 0.989821882951654,
            "roc_auc": 0.9995574666666667,
            "confusion_matrix": [
                [
                    7457,
                    43
                ],
                [
                    109,
                    7391
                ]
            ]
        },
        "test": {
            "accuracy": 0.9893333333333333,
            "precision": 0.993943472409152,
            "recall": 0.9846666666666667,
            "f1": 0.9892833221701273,
            "roc_auc": 0.9995342933333334,
            "confusion_matrix": [
                [
                    7455,
                    45
                ],
                [
                    115,
                    7385
                ]
            ]
        }
    },
    "LightGBM": {
        "training_time": 3.764322,
        "train": {
            "accuracy": 0.9918857142857143,
            "precision": 0.996796906562013,
            "recall": 0.9869428571428571,
            "f1": 0.9918454072989348
        },
        "validation": {
            "accuracy": 0.9904,
            "precision": 0.995286830056558,
            "recall": 0.9854666666666667,
            "f1": 0.9903524051989816,
            "roc_auc": 0.9996223111111111,
            "confusion_matrix": [
                [
                    7465,
                    35
                ],
                [
                    109,
                    7391
                ]
            ]
        },
        "test": {
            "accuracy": 0.9899333333333333,
            "precision": 0.9948821548821549,
            "recall": 0.9849333333333333,
            "f1": 0.9898827470686767,
            "roc_auc": 0.9996066577777777,
            "confusion_matrix": [
                [
                    7462,
                    38
                ],
                [
                    113,
                    7387
                ]
            ]
        }
    },
    "Naive Bayes": {
        "training_time": 0.028142,
        "train": {
            "accuracy": 0.9611857142857143,
            "precision": 0.999443052074631,
            "recall": 0.9228857142857143,
            "f1": 0.95963992335002
        },
        "validation": {
            "accuracy": 0.9616,
            "precision": 0.9989910637071202,
            "recall": 0.9241333333333334,
            "f1": 0.9601052777392991,
            "roc_auc": 0.9945339733333334,
            "confusion_matrix": [
                [
                    7493,
                    7
                ],
                [
                    569,
                    6931
                ]
            ]
        },
        "test": {
            "accuracy": 0.9584,
            "precision": 0.9989840348330914,
            "recall": 0.9177333333333333,
            "f1": 0.956636553161918,
            "roc_auc": 0.9936031733333334,